Catch Date,Year,Station,Fish ID,Rings,Edgecode,Age,Fractional Age,Weight (kg),Fork Length (cm)8/17/11,2011,PC-10-10,5,2,4,2,2.7,0.624,328/17/11,2011,PC-10-10,6,2,4,2,2.7,0.118,348/17/11,2011,PC-10-10,7,2,4,2,2.7,0.84,368/17/11,2011,PC-10-10,18,2,4,2,2.7,0.17,358/15/11,2011,PC-12-20,143,2,4,2,2.7,0.526,308/15/11,2011,PC-12-20,151,2,4,2,2.7,0.506,298/17/11,2011,PC-10-10,20,3,4,3,3.7,1.538,458/17/11,2011,PC-10-20,59,3,4,3,3.7,0.826,368/17/11,2011,PC-10-20,60,3,4,3,3.7,1.274,428/17/11,2011,PC-10-40,32,3,4,3,3.7,1.508,448/17/11,2011,PC-10-40,45,3,4,3,3.7,1.53,478/15/11,2011,PC-12-20,142,3,4,3,3.7,1.28,418/3/11,2011,PC-15-10,1,3,4,3,3.7,1.356,438/3/11,2011,PC-15-10,2,3,4,3,3.7,1.228,427/8/11,2011,BR-03-40,46,4,4,4,4.6,3.3,577/17/11,2011,BR-34-40,3,4,2,4,4.6,2.75,537/13/11,2011,PC-06-10,11,4,4,4,4.6,,517/13/11,2011,PC-06-10,15,4,4,4,4.6,,437/18/11,2011,PC-07-20,6,4,4,4,4.6,0.85,387/19/11,2011,PC-08-40,4,4,4,4,4.6,1.072,397/19/11,2011,PC-08-40,10,4,4,4,4.6,0.916,387/19/11,2011,PC-08-40,13,4,4,4,4.6,1.22,417/19/11,2011,PC-08-40,38,4,4,4,4.6,1.054,418/6/11,2011,BR-05-20,2,4,4,4,4.7,1.162,428/6/11,2011,BR-05-20,9,4,4,4,4.7,1.322,418/6/11,2011,BR-05-20,19,4,4,4,4.7,1.926,488/6/11,2011,BR-05-20,20,4,4,4,4.7,1.912,468/5/11,2011,BR-05-60,14,4,4,4,4.7,2.464,498/2/11,2011,PC-09-20,12,4,4,4,4.7,0.782,361-Aug,2011,PC-09-60,41,4,4,4,4.7,1.352,438/17/11,2011,PC-10-10,10,4,4,4,4.7,2.852,548/17/11,2011,PC-10-10,11,4,4,4,4.7,3.64,618/17/11,2011,PC-10-10,19,4,4,4,4.7,2.302,518/17/11,2011,PC-10-10,21,4,4,4,4.7,3.228,558/17/11,2011,PC-10-20,58,4,4,4,4.7,2.258,508/17/11,2011,PC-10-40,5,4,4,4,4.7,1.232,458/17/11,2011,PC-10-40,34,4,4,4,4.7,1.326,438/17/11,2011,PC-10-40,36,4,4,4,4.7,1.274,408/17/11,2011,PC-10-40,38,4,4,4,4.7,1.364,448/17/11,2011,PC-10-40,40,4,4,4,4.7,1.25,428/17/11,2011,PC-10-40,43,4,4,4,4.7,1.246,438/17/11,2011,PC-10-40,46,4,4,4,4.7,1.17,428/17/11,2011,PC-10-40,47,4,4,4,4.7,1.23,428/17/11,2011,PC-10-40,49,4,4,4,4.7,1.44,458/17/11,2011,PC-10-40,50,4,4,4,4.7,1.348,428/16/11,2011,PC-11-20,152,4,4,4,4.7,2.458,518/15/11,2011,PC-12-20,10,4,4,4,4.7,2.026,498/15/11,2011,PC-12-20,21,4,4,4,4.7,1.902,488/15/11,2011,PC-12-20,69,4,4,4,4.7,2.276,498/15/11,2011,PC-12-20,71,4,4,4,4.7,3.428,598/15/11,2011,PC-12-20,76,4,4,4,4.7,1.562,458/15/11,2011,PC-12-20,78,4,4,4,4.7,1.562,458/15/11,2011,PC-12-20,80,4,4,4,4.7,1.914,488/15/11,2011,PC-12-20,81,4,4,4,4.7,1.18,488/15/11,2011,PC-12-20,112,4,4,4,4.7,1.912,498/15/11,2011,PC-12-20,126,4,4,4,4.7,1.112,398/15/11,2011,PC-12-40,184,4,4,4,4.7,1.482,468/15/11,2011,PC-12-40,185,4,4,4,4.7,1.302,438/15/11,2011,PC-12-40,186,4,4,4,4.7,1.486,448/15/11,2011,PC-12-40,189,4,4,4,4.7,1.442,458/15/11,2011,PC-12-40,191,4,4,4,4.7,1.652,458/15/11,2011,PC-12-40,196,4,4,4,4.7,1.938,438/15/11,2011,PC-12-40,198,4,4,4,4.7,1.162,418/15/11,2011,PC-12-40,199,4,4,4,4.7,1.282,418/15/11,2011,PC-12-40,204,4,4,4,4.7,1.342,438/14/11,2011,PC-13-20,75,4,4,4,4.7,1.876,498/3/11,2011,PC-15-10,3,4,4,4,4.7,2.826,548/3/11,2011,PC-15-20,4,4,4,4,4.7,1.076,398/3/11,2011,PC-15-40,24,4,2,4,4.7,1.088,407/8/11,2011,BR-03-40,28,5,2,5,5.6,1.39,447/8/11,2011,BR-03-40,57,4,6,5,5.6,1.95,487/17/11,2011,BR-34-40,31,5,2,5,5.6,3.266,557/17/11,2011,BR-34-40,38,5,2,5,5.6,2.446,547/17/11,2011,BR-34-40,39,5,2,5,5.6,2.28,527/17/11,2011,BR-34-40,53,5,2,5,5.6,2.272,517/17/11,2011,BR-34-40,54,5,2,5,5.6,3.872,587/10/11,2011,BR-04-40,2,5,2,5,5.6,2.32,507/10/11,2011,BR-04-40,5,5,2,5,5.6,2.816,547/10/11,2011,BR-04-40,3,4,6,5,5.6,2.39,497/10/11,2011,BR-04-40,8,5,2,5,5.6,1.24,457/10/11,2011,BR-04-40,10,4,6,5,5.6,1.186,437/10/11,2011,BR-04-40,13,5,2,5,5.6,1.472,437/10/11,2011,BR-04-40,15,5,2,5,5.6,3.564,567/10/11,2011,BR-04-40,19,5,2,5,5.6,2.186,497/10/11,2011,BR-04-40,20,4,6,5,5.6,1.8,427/10/11,2011,BR-04-40,21,4,6,5,5.6,2.161,497/10/11,2011,BR-04-40,27,5,2,5,5.6,2.304,507/10/11,2011,BR-04-40,28,5,2,5,5.6,1.79,497/10/11,2011,BR-04-40,29,4,6,5,5.6,2.789,517/10/11,2011,BR-04-40,34,5,2,5,5.6,1.526,447/10/11,2011,BR-04-40,38,4,6,5,5.6,2.028,517/10/11,2011,BR-04-40,40,5,2,5,5.6,1.462,447/10/11,2011,BR-04-40,55,5,2,5,5.6,2.546,517/10/11,2011,BR-04-40,59,5,2,5,5.6,2.84,537/10/11,2011,BR-04-40,60,5,2,5,5.6,5.278,627/10/11,2011,BR-04-40,42,5,4,5,5.6,3.36,577/10/11,2011,BR-04-40,41,5,4,5,5.6,3.414,547/10/11,2011,BR-04-60,9,5,4,5,5.6,2.13,487/13/11,2011,PC-06-10,1,5,4,5,5.6,,657/13/11,2011,PC-06-10,8,5,4,5,5.6,,537/13/11,2011,PC-06-10,13,5,4,5,5.6,,617/13/11,2011,PC-06-10,14,5,4,5,5.6,,537/13/11,2011,PC-06-10,16,5,4,5,5.6,,577/13/11,2011,PC-06-20,14,5,4,5,5.6,1.3,427/14/11,2011,PC-06-40,3,5,4,5,5.6,1.64,467/18/11,2011,PC-07-10,2,5,4,5,5.6,4.1,607/18/11,2011,PC-07-10,9,5,4,5,5.6,3.8,577/18/11,2011,PC-07-10,10,5,4,5,5.6,4.7,627/19/11,2011,PC-08-20,3,5,4,5,5.6,6.2,687/19/11,2011,PC-08-40,1,5,4,5,5.6,0.988,397/19/11,2011,PC-08-40,5,5,4,5,5.6,1.01,397/27/11,2011,SF-01-40,15,5,2,5,5.7,5.044,687/27/11,2011,SF-01-40,26,5,2,5,5.7,6.2,677/11/11,2011,BR-03-20,47,5,4,5,5.7,2.156,538/7/11,2011,BR-4/5-10,16,5,4,5,5.7,3.332,598/6/11,2011,BR-05-20,10,5,4,5,5.7,1.92,498/5/11,2011,BR-05-60,15,5,4,5,5.7,3.168,558/2/11,2011,PC-09-10,4,5,4,5,5.7,2.602,538/17/11,2011,PC-10-20,37,5,4,5,5.7,4.868,658/17/11,2011,PC-10-20,44,5,4,5,5.7,4.228,628/17/11,2011,PC-10-20,45,5,4,5,5.7,4.489,628/17/11,2011,PC-10-20,46,5,4,5,5.7,4.866,648/17/11,2011,PC-10-20,47,5,4,5,5.7,5.695,718/17/11,2011,PC-10-20,48,5,4,5,5.7,4.098,628/17/11,2011,PC-10-20,49,5,4,5,5.7,1.428,638/17/11,2011,PC-10-20,50,5,4,5,5.7,3.914,588/17/11,2011,PC-10-20,51,5,4,5,5.7,4.645,648/17/11,2011,PC-10-20,52,5,4,5,5.7,4.288,618/17/11,2011,PC-10-20,53,5,4,5,5.7,4.29,658/17/11,2011,PC-10-20,54,5,4,5,5.7,2.982,578/17/11,2011,PC-10-20,55,5,4,5,5.7,1.21,538/17/11,2011,PC-10-20,57,5,4,5,5.7,3.684,588/17/11,2011,PC-10-20,61,5,4,5,5.7,3.97,628/17/11,2011,PC-10-20,62,5,4,5,5.7,4.76,658/17/11,2011,PC-10-40,4,5,4,5,5.7,1.76,478/17/11,2011,PC-10-40,7,5,4,5,5.7,2.168,538/17/11,2011,PC-10-40,9,5,4,5,5.7,2.212,528/17/11,2011,PC-10-40,30,5,4,5,5.7,2.416,548/17/11,2011,PC-10-40,35,5,4,5,5.7,2.508,538/17/11,2011,PC-10-40,37,5,4,5,5.7,1.824,488/16/11,2011,PC-11-20,147,5,4,5,5.7,2.754,558/16/11,2011,PC-11-20,148,5,4,5,5.7,3.012,538/16/11,2011,PC-11-20,151,5,4,5,5.7,2.126,508/16/11,2011,PC-11-20,153,5,4,5,5.7,4.256,618/16/11,2011,PC-11-20,154,5,4,5,5.7,2.102,498/16/11,2011,PC-11-20,156,5,4,5,5.7,2.162,498/16/11,2011,PC-11-40,110,5,4,5,5.7,5.818,698/16/11,2011,PC-11-100,21,5,4,5,5.7,2.046,488/16/11,2011,PC-11-100,25,5,4,5,5.7,1.134,468/16/11,2011,PC-11-100,27,5,4,5,5.7,2.502,508/16/11,2011,PC-11-100,30,5,2,5,5.7,2.22,498/16/11,2011,PC-11-100,31,5,2,5,5.7,2.43,528/16/11,2011,PC-11-100,32,5,2,5,5.7,1.674,478/15/11,2011,PC-12-20,7,5,4,5,5.7,3.696,568/15/11,2011,PC-12-20,8,5,4,5,5.7,4.96,658/15/11,2011,PC-12-20,20,5,4,5,5.7,4.14,638/15/11,2011,PC-12-20,22,5,4,5,5.7,3.818,598/15/11,2011,PC-12-20,23,5,4,5,5.7,2.334,598/15/11,2011,PC-12-20,24,5,4,5,5.7,2.69,558/15/11,2011,PC-12-20,25,5,4,5,5.7,3.12,578/15/11,2011,PC-12-20,70,5,4,5,5.7,2.118,478/15/11,2011,PC-12-20,72,5,4,5,5.7,1.946,498/15/11,2011,PC-12-20,73,5,4,5,5.7,3.36,588/15/11,2011,PC-12-20,74,5,4,5,5.7,2.628,558/15/11,2011,PC-12-20,79,5,4,5,5.7,3.686,608/15/11,2011,PC-12-20,91,5,4,5,5.7,3.218,578/15/11,2011,PC-12-20,109,5,4,5,5.7,2.644,548/15/11,2011,PC-12-20,110,5,4,5,5.7,4.262,648/15/11,2011,PC-12-20,111,5,4,5,5.7,3.278,558/15/11,2011,PC-12-20,113,5,4,5,5.7,3.92,618/15/11,2011,PC-12-40,187,5,2,5,5.7,1.066,408/15/11,2011,PC-12-40,190,5,4,5,5.7,1.736,478/15/11,2011,PC-12-40,194,5,4,5,5.7,1.344,438/15/11,2011,PC-12-40,195,5,4,5,5.7,2.994,558/15/11,2011,PC-12-40,197,5,4,5,5.7,3.298,608/15/11,2011,PC-12-40,200,5,4,5,5.7,2.276,518/15/11,2011,PC-12-40,203,5,4,5,5.7,2.27,528/15/11,2011,PC-12-40,205,5,4,5,5.7,2.44,548/14/11,2011,PC-13-10,63,5,4,5,5.7,4.076,618/14/11,2011,PC-13-20,80,5,4,5,5.7,4.92,658/14/11,2011,PC-13-40,46,5,4,5,5.7,3.094,578/14/11,2011,PC-13-40,50,5,4,5,5.7,2.234,538/14/11,2011,PC-13-40,51,5,4,5,5.7,2.36,538/14/11,2011,PC-13-40,53,5,4,5,5.7,3.456,598/14/11,2011,PC-13-40,62,5,4,5,5.7,3.272,578/14/11,2011,PC-13-40,65,5,4,5,5.7,2.974,588/14/11,2011,PC-13-40,68,5,4,5,5.7,2.668,558/14/11,2011,PC-13-40,73,5,4,5,5.7,2.284,528/14/11,2011,PC-13-40,89,5,4,5,5.7,2.88,508/14/11,2011,PC-13-40,90,5,4,5,5.7,2.582,547/29/11,2011,PC-14-20,6,5,4,5,5.7,2.224,517/29/11,2011,PC-14-20,7,5,4,5,5.7,3.234,598/3/11,2011,PC-15-20,5,5,4,5,5.7,3.978,608/3/11,2011,PC-15-20,6,5,4,5,5.7,1.984,498/3/11,2011,PC-15-40,16,5,4,5,5.7,2.672,628/18/11,2011,PC-914-40,10,5,4,5,5.7,1.779,407/8/11,2011,BR-03-40,2,6,4,6,6.6,4.25,637/8/11,2011,BR-03-40,8,6,4,6,6.6,5.896,707/8/11,2011,BR-03-40,17,6,4,6,6.6,8.2,697/8/11,2011,BR-03-40,74,6,2,6,6.6,3.8,617/17/11,2011,BR-34-40,40,6,2,6,6.6,4.216,597/16/11,2011,BR-34-50,10,6,2,6,6.6,5.85,687/10/11,2011,BR-04-40,36,6,4,6,6.6,2.942,537/10/11,2011,BR-04-60,5,6,4,6,6.6,3.614,597/10/11,2011,BR-04-60,4,6,4,6,6.6,3.802,597/13/11,2011,PC-06-10,2,6,4,6,6.6,,667/13/11,2011,PC-06-10,3,6,4,6,6.6,,697/13/11,2011,PC-06-10,4,6,4,6,6.6,,677/13/11,2011,PC-06-10,7,6,4,6,6.6,,697/13/11,2011,PC-06-10,10,6,4,6,6.6,,657/13/11,2011,PC-06-10,12,6,4,6,6.6,,727/14/11,2011,PC-06-40,10,6,4,6,6.6,2.98,547/19/11,2011,PC-08-40,11,6,4,6,6.6,2.17,517/27/11,2011,SF-01-40,13,6,4,6,6.7,4.53,637/27/11,2011,SF-01-40,16,6,2,6,6.7,5.782,647/27/11,2011,SF-01-40,23,6,2,6,6.7,6.4,707/27/11,2011,SF-01-40,27,6,4,6,6.7,5.442,717/27/11,2011,SF-01-40,43,5,6,6,6.7,5.298,657/26/11,2011,SF-01-80,18,6,2,6,6.7,2.068,518/2/11,2011,PC-09-10,2,6,4,6,6.7,5.426,678/2/11,2011,PC-09-10,3,6,4,6,6.7,5.685,678/1/11,2011,PC-09-40,4,6,4,6,6.7,4.98,678/17/11,2011,PC-10-20,63,6,4,6,6.7,4.768,668/17/11,2011,PC-10-40,2,6,4,6,6.7,4.012,608/17/11,2011,PC-10-40,42,6,4,6,6.7,6.65,708/16/11,2011,PC-11-20,137,6,4,6,6.7,4.828,638/16/11,2011,PC-11-20,140,6,4,6,6.7,5.048,668/16/11,2011,PC-11-40,114,6,4,6,6.7,4.655,658/16/11,2011,PC-11-100,26,6,4,6,6.7,3.61,598/16/11,2011,PC-11-100,28,6,4,6,6.7,4.316,628/16/11,2011,PC-11-100,29,6,4,6,6.7,3.026,588/15/11,2011,PC-12-20,18,6,4,6,6.7,3.44,608/15/11,2011,PC-12-20,77,6,4,6,6.7,3.828,598/15/11,2011,PC-12-20,116,6,4,6,6.7,5.772,708/15/11,2011,PC-12-20,197,6,4,6,6.7,5.482,658/15/11,2011,PC-12-40,179,6,4,6,6.7,3.082,598/15/11,2011,PC-12-40,181,6,4,6,6.7,3.84,638/14/11,2011,PC-13-20,20,6,4,6,6.7,5.618,698/14/11,2011,PC-13-20,21,6,4,6,6.7,5.812,708/14/11,2011,PC-13-20,77,6,4,6,6.7,4.978,658/14/11,2011,PC-13-40,48,6,4,6,6.7,4.042,618/14/11,2011,PC-13-40,63,6,4,6,6.7,4.138,648/14/11,2011,PC-13-40,64,6,4,6,6.7,4.06,638/14/11,2011,PC-13-40,66,6,4,6,6.7,3.15,598/14/11,2011,PC-13-40,72,6,4,6,6.7,3.124,578/14/11,2011,PC-13-40,74,6,4,6,6.7,3.748,608/14/11,2011,PC-13-40,75,6,4,6,6.7,3.598,608/14/11,2011,PC-13-40,76,6,4,6,6.7,3.514,598/14/11,2011,PC-13-40,78,6,4,6,6.7,3.988,608/14/11,2011,PC-13-40,80,6,4,6,6.7,4.468,628/14/11,2011,PC-13-40,81,6,4,6,6.7,3.42,588/14/11,2011,PC-13-40,83,6,4,6,6.7,4.804,658/14/11,2011,PC-13-40,84,6,4,6,6.7,3.814,528/14/11,2011,PC-13-40,85,6,4,6,6.7,3.118,588/14/11,2011,PC-13-40,87,6,4,6,6.7,4.146,638/14/11,2011,PC-13-40,88,6,4,6,6.7,4.772,678/14/11,2011,PC-13-40,91,6,4,6,6.7,2.928,558/3/11,2011,PC-15-20,7,6,4,6,6.7,5.722,708/3/11,2011,PC-15-20,11,6,4,6,6.7,4.024,638/3/11,2011,PC-15-20,16,6,4,6,6.7,3.886,627/17/11,2011,BR-34-40,4,7,4,7,7.6,5.78,697/17/11,2011,BR-34-40,20,7,2,7,7.6,5.062,637/17/11,2011,BR-34-40,23,7,2,7,7.6,5.492,657/16/11,2011,BR-34-50,7,7,2,7,7.6,3.75,617/16/11,2011,BR-34-50,8,7,2,7,7.6,4.935,637/13/11,2011,PC-06-10,5,7,4,7,7.6,,767/13/11,2011,PC-06-10,6,7,4,7,7.6,,707/13/11,2011,PC-06-10,9,7,4,7,7.6,,757/13/11,2011,PC-06-20,15,7,4,7,7.6,4.5,657/19/11,2011,PC-08-10,30,7,4,7,7.6,8,787/19/11,2011,PC-08-40,2,7,4,7,7.6,2.12,517/19/11,2011,PC-08-40,6,7,4,7,7.6,1.496,447/19/11,2011,PC-08-40,12,7,4,7,7.6,3.602,607/19/11,2011,PC-08-40,37,7,4,7,7.6,1.77,487/27/11,2011,SF-01-40,14,7,4,7,7.7,5.872,717/27/11,2011,SF-01-40,117,7,2,7,7.7,5.912,707/27/11,2011,SF-01-40,25,7,2,7,7.7,4.601,648/6/11,2011,BR-05-20,3,7,4,7,7.7,8.2,738/6/11,2011,BR-05-20,11,7,2,7,7.7,7.4,698/17/11,2011,PC-10-40,3,7,2,7,7.7,5.292,678/17/11,2011,PC-10-40,31,7,4,7,7.7,4.708,638/17/11,2011,PC-10-40,33,7,4,7,7.7,5.21,668/17/11,2011,PC-10-40,39,7,4,7,7.7,7.86,768/16/11,2011,PC-11-20,136,7,4,7,7.7,4.846,658/16/11,2011,PC-11-20,139,7,4,7,7.7,4.6,618/16/11,2011,PC-11-20,145,7,4,7,7.7,4.68,658/16/11,2011,PC-11-20,146,7,4,7,7.7,5.104,638/16/11,2011,PC-11-20,149,7,4,7,7.7,4.338,648/16/11,2011,PC-11-20,159,7,4,7,7.7,5.502,668/16/11,2011,PC-11-40,73,7,4,7,7.7,4.836,638/16/11,2011,PC-11-40,111,7,4,7,7.7,7.185,718/16/11,2011,PC-11-40,112,7,4,7,7.7,4.335,638/16/11,2011,PC-11-40,115,7,4,7,7.7,4.8,658/16/11,2011,PC-11-40,117,7,4,7,7.7,6.715,728/16/11,2011,PC-11-100,22,7,4,7,7.7,5.358,668/15/11,2011,PC-12-20,9,7,4,7,7.7,3.092,578/15/11,2011,PC-12-40,180,7,4,7,7.7,3.596,588/15/11,2011,PC-12-40,183,7,2,7,7.7,4.368,638/15/11,2011,PC-12-40,201,7,4,7,7.7,5.492,658/14/11,2011,PC-13-20,17,7,4,7,7.7,6.995,728/14/11,2011,PC-13-20,19,7,2,7,7.7,4.974,658/14/11,2011,PC-13-20,76,7,4,7,7.7,4.788,658/14/11,2011,PC-13-20,78,7,4,7,7.7,4.528,668/14/11,2011,PC-13-20,79,7,4,7,7.7,6.04,688/14/11,2011,PC-13-20,84,7,4,7,7.7,4.998,658/14/11,2011,PC-13-40,49,7,4,7,7.7,5.564,708/14/11,2011,PC-13-40,79,7,4,7,7.7,4.698,638/14/11,2011,PC-13-40,82,7,2,7,7.7,3.832,638/3/11,2011,PC-15-20,17,7,4,7,7.7,3.84,628/19/11,2011,PC-814-60,38,7,2,7,7.7,5.724,697/16/11,2011,BR-34-50,9,7,6,8,8.6,9.972,747/19/11,2011,PC-08-40,27,8,4,8,8.6,2.736,537/27/11,2011,SF-01-40,24,8,2,8,8.7,7.4,767/27/11,2011,SF-01-40,38,8,2,8,8.7,8.8,757/27/11,2011,SF-01-40,41,8,2,8,8.7,6.8,737/27/11,2011,SF-01-40,42,8,2,8,8.7,8.2,737/27/11,2011,SF-01-40,18,9,2,9,9.7,7.8,778/3/11,2011,PC-15-40,23,11,4,11,11.7,5.2,677/19/11,2011,PC-08-20,6,16,4,16,16.6,11.2,838/14/11,2011,PC-13-40,67,20,4,20,20.7,9.965,828/15/11,2011,PC-12-40,188,21,,21,21.7,9.175,788/16/11,2011,PC-11-40,113,23,4,23,23.7,11.296,798/18/11,2011,PC-914-40,19,23,,23,23.7,8.375,798/14/11,2011,PC-13-40,30,38,,38,38.7,10.46,868/18/11,2011,PC-914-40,11,40,,40,40.7,12.24,89